{
  "forecaster": "advloss256_unet_ar",
  "backbone": "advloss_ae",
  "compression_ratio": 34.1,
  "mode": "AR_rollout",
  "tau_list": [
    1,
    5,
    10,
    15,
    20
  ],
  "in_distribution_256": {
    "1": {
      "rel_l2_lat_mean": 0.2612431394145127,
      "rel_l2_lat_std": 0.0002247090786870225,
      "rel_l2_lat_identity_mean": 0.2683934602893163,
      "forecaster_vs_identity_skill": 0.026641188898924306,
      "rel_l2_pix_mean": 0.16904327172604766,
      "rel_l2_pix_std": 0.0009750785885087257,
      "rel_l2_pix_identity_mean": 0.11653038110126945,
      "forecaster_vs_identity_skill_pix": -0.05251289062477821,
      "rmse_pix_mean": 0.1138641880825162,
      "eps_ratio_mean": 0.5240866114557955,
      "eps_ratio_std": 0.002254198234596892,
      "omega_ratio_mean": 0.4343983853984802,
      "slope_recon_mean": -1.4900944682461197,
      "n_starts": 8
    },
    "5": {
      "rel_l2_lat_mean": 1.0264837888458185,
      "rel_l2_lat_std": 0.0007584647643489653,
      "rel_l2_lat_identity_mean": 1.0225167403391215,
      "forecaster_vs_identity_skill": -0.003879690522603285,
      "rel_l2_pix_mean": 0.31748843862705634,
      "rel_l2_pix_std": 0.0010639275121726664,
      "rel_l2_pix_identity_mean": 0.3425874640689942,
      "forecaster_vs_identity_skill_pix": 0.025099025441937872,
      "rmse_pix_mean": 0.2138384710997343,
      "eps_ratio_mean": 0.5214773234575039,
      "eps_ratio_std": 0.0022001045461872205,
      "omega_ratio_mean": 0.42993950835785993,
      "slope_recon_mean": -1.5144336517199983,
      "n_starts": 8
    },
    "10": {
      "rel_l2_lat_mean": 1.337129683781658,
      "rel_l2_lat_std": 0.0017324834781261014,
      "rel_l2_lat_identity_mean": 1.28233630519567,
      "forecaster_vs_identity_skill": -0.04272933579434701,
      "rel_l2_pix_mean": 0.4498765403187396,
      "rel_l2_pix_std": 0.00137510997957946,
      "rel_l2_pix_identity_mean": 0.4530744108606137,
      "forecaster_vs_identity_skill_pix": 0.0031978705418740927,
      "rmse_pix_mean": 0.3029851205646992,
      "eps_ratio_mean": 0.8002037967880032,
      "eps_ratio_std": 0.0058337229368831366,
      "omega_ratio_mean": 0.6138772458683823,
      "slope_recon_mean": -1.4872016458476627,
      "n_starts": 8
    },
    "15": {
      "rel_l2_lat_mean": 1.487743711582671,
      "rel_l2_lat_std": 0.00220498428643836,
      "rel_l2_lat_identity_mean": 1.3309913069273318,
      "forecaster_vs_identity_skill": -0.11777117088556421,
      "rel_l2_pix_mean": 0.554358877875043,
      "rel_l2_pix_std": 0.0027653542437927887,
      "rel_l2_pix_identity_mean": 0.5170391575134872,
      "forecaster_vs_identity_skill_pix": -0.03731972036155584,
      "rmse_pix_mean": 0.3733321316540241,
      "eps_ratio_mean": 1.2229215283967065,
      "eps_ratio_std": 0.010855569440047647,
      "omega_ratio_mean": 0.8747608038132229,
      "slope_recon_mean": -1.4254507594865164,
      "n_starts": 8
    },
    "20": {
      "rel_l2_lat_mean": 1.6364632778958597,
      "rel_l2_lat_std": 0.0020041929712358423,
      "rel_l2_lat_identity_mean": 1.3476337565848395,
      "forecaster_vs_identity_skill": -0.21432345390558427,
      "rel_l2_pix_mean": 0.626948967935639,
      "rel_l2_pix_std": 0.0031153290603906686,
      "rel_l2_pix_identity_mean": 0.5632864640585258,
      "forecaster_vs_identity_skill_pix": -0.06366250387711325,
      "rmse_pix_mean": 0.4221988841891289,
      "eps_ratio_mean": 1.6548069683100386,
      "eps_ratio_std": 0.023685306172550435,
      "omega_ratio_mean": 1.1544412894191036,
      "slope_recon_mean": -1.339395917215152,
      "n_starts": 8
    }
  },
  "forecaster_ckpt": "D:/JHU_turbo_full_time/checkpoints/forecaster_advloss256_unet_ar\\best.pt",
  "epoch_at_best": 3
}