{
  "frame_id": 1000,
  "resolution": 1024,
  "backbone": "rae_3d",
  "latent_ch": 4,
  "dec_base_ch": 256,
  "noise_tau_train": 0.8,
  "noise_tau_eval": 0.0,
  "compression_ratio": 64.0,
  "n_params": 40933484,
  "n_params_trainable": 10436164,
  "ckpt_size_mb": 156.20669841766357,
  "inference_time_sec": 75.34653043746948,
  "eps_ratio": 0.7032853429168415,
  "omega_ratio": 0.6002880361703132,
  "slope_gt": -1.5298328881106897,
  "slope_recon": -1.6752930677696072,
  "rel_divergence": 10.82169408781606,
  "rel_l1_pix_1024": 0.1168519060274877,
  "rel_l2_pix_1024": 0.12364268752014908,
  "mae_pix_1024": 0.06342130848353539,
  "rmse_pix_1024": 0.08326395535706622,
  "psnr_db_1024": 24.313593510659494
}