{
  "frame_id": 900,
  "resolution": 1024,
  "backbone": "rae_3d",
  "latent_ch": 4,
  "dec_base_ch": 256,
  "noise_tau_train": 0.8,
  "noise_tau_eval": 0.0,
  "compression_ratio": 64.0,
  "n_params": 40933484,
  "n_params_trainable": 10436164,
  "ckpt_size_mb": 156.20669841766357,
  "inference_time_sec": 75.76833915710449,
  "eps_ratio": 0.6914867628706376,
  "omega_ratio": 0.5908294718277821,
  "slope_gt": -1.519107508149707,
  "slope_recon": -1.6604755152898971,
  "rel_divergence": 11.014875579523464,
  "rel_l1_pix_1024": 0.11881732451761258,
  "rel_l2_pix_1024": 0.12590218592214575,
  "mae_pix_1024": 0.0644529574712605,
  "rmse_pix_1024": 0.08490782472487175,
  "psnr_db_1024": 24.141969485666884
}