{
  "frame_id": 800,
  "resolution": 1024,
  "backbone": "rae_3d",
  "latent_ch": 4,
  "dec_base_ch": 256,
  "noise_tau_train": 0.8,
  "noise_tau_eval": 0.0,
  "compression_ratio": 64.0,
  "n_params": 40933484,
  "n_params_trainable": 10436164,
  "ckpt_size_mb": 156.20669841766357,
  "inference_time_sec": 80.18264937400818,
  "eps_ratio": 0.6866871472179166,
  "omega_ratio": 0.5882159022888855,
  "slope_gt": -1.5057116227499947,
  "slope_recon": -1.641377151296072,
  "rel_divergence": 11.08324386471771,
  "rel_l1_pix_1024": 0.11945221722410818,
  "rel_l2_pix_1024": 0.12599757245918014,
  "mae_pix_1024": 0.06528945539833135,
  "rmse_pix_1024": 0.08577431989145068,
  "psnr_db_1024": 24.05208042488184
}