{
  "frame_id": 800,
  "resolution": 1024,
  "backbone": "ours_spatial8",
  "latent_ch": 4,
  "compression_ratio": 63.875243664717345,
  "n_params": 42511592,
  "n_params_trainable": 42511592,
  "ckpt_size_mb": 516.8328218460083,
  "inference_time_sec": 45.70434761047363,
  "eps_ratio": 1.1817347011694255,
  "omega_ratio": 1.1019962762348077,
  "slope_gt": -1.5057116115666747,
  "slope_recon": -1.5087562820729299,
  "rel_divergence": 9.872344226492954,
  "rel_l1_pix_1024": 0.046334663479909,
  "rel_l2_pix_1024": 0.053031077765629174,
  "mae_pix_1024": 0.025325314296951063,
  "rmse_pix_1024": 0.036101525923692965,
  "psnr_db_1024": 31.56823780725953
}