{
  "frame_id": 900,
  "resolution": 1024,
  "backbone": "wavelet_db4",
  "level": 3,
  "compression_ratio_target": 128.0,
  "compression_ratio_actual": 64.21977295064696,
  "compression_ratio": 64.21977295064696,
  "compression_ratio_values_only": 128.4395459012939,
  "sparse_bytes_per_kept_coef": 8,
  "n_kept": 33439602,
  "n_total_est": 4399368096,
  "n_params": 0,
  "n_params_trainable": 0,
  "ckpt_size_mb": 0.0,
  "inference_time_sec": 650.1581833362579,
  "eps_ratio": 0.8686046304022861,
  "omega_ratio": 0.8267470540875149,
  "slope_gt": -1.5191072766522076,
  "slope_recon": -1.5195682885100346,
  "rel_divergence": 7.024313954763625,
  "rel_l1_pix_1024": 0.049689891079597925,
  "rel_l2_pix_1024": 0.05267320172133054,
  "mae_pix_1024": 0.026954419295631814,
  "rmse_pix_1024": 0.03552245375888049,
  "psnr_db_1024": 31.681018360741533
}