{
  "frame_id": 1000,
  "resolution": 1024,
  "backbone": "wavelet_db4",
  "level": 3,
  "compression_ratio_target": 128.0,
  "compression_ratio_actual": 64.17393716841097,
  "compression_ratio": 64.17393716841097,
  "compression_ratio_values_only": 128.34787433682195,
  "sparse_bytes_per_kept_coef": 8,
  "n_kept": 33463486,
  "n_total_est": 4399368096,
  "n_params": 0,
  "n_params_trainable": 0,
  "ckpt_size_mb": 0.0,
  "inference_time_sec": 650.2730166912079,
  "eps_ratio": 0.8758902077745466,
  "omega_ratio": 0.8345855622315878,
  "slope_gt": -1.5298329748903459,
  "slope_recon": -1.5302863971758291,
  "rel_divergence": 6.776482157200097,
  "rel_l1_pix_1024": 0.047753608374402526,
  "rel_l2_pix_1024": 0.050653920358879286,
  "mae_pix_1024": 0.02591817656409785,
  "rmse_pix_1024": 0.034111472303423256,
  "psnr_db_1024": 32.03341409973045
}