{
  "frame_id": 800,
  "resolution": 1024,
  "backbone": "wavelet_db4",
  "level": 3,
  "compression_ratio_target": 128.0,
  "compression_ratio_actual": 64.17689252671953,
  "compression_ratio": 64.17689252671953,
  "compression_ratio_values_only": 128.35378505343905,
  "sparse_bytes_per_kept_coef": 8,
  "n_kept": 33461945,
  "n_total_est": 4399368096,
  "n_params": 0,
  "n_params_trainable": 0,
  "ckpt_size_mb": 0.0,
  "inference_time_sec": 663.9908480644226,
  "eps_ratio": 0.8638848377787135,
  "omega_ratio": 0.8217750399664487,
  "slope_gt": -1.5057118076620382,
  "slope_recon": -1.5061881799877321,
  "rel_divergence": 7.17370826271826,
  "rel_l1_pix_1024": 0.05117730975632312,
  "rel_l2_pix_1024": 0.05410856557909946,
  "mae_pix_1024": 0.027972102950713007,
  "rmse_pix_1024": 0.03683493409231796,
  "psnr_db_1024": 31.36581113614266
}