{
  "frame_id": 900,
  "resolution": 1024,
  "backbone": "ltx_video_3d",
  "ch": 160,
  "embed_dim": 4,
  "compression_ratio": 64.0,
  "n_params": 37402928,
  "n_params_trainable": 37402928,
  "ckpt_size_mb": 163.97700023651123,
  "inference_time_sec": 470.15177035331726,
  "eps_ratio": 0.9270862797742286,
  "omega_ratio": 0.6349067467672437,
  "slope_gt": -1.5191075150181594,
  "slope_recon": -0.47627914105037616,
  "rel_divergence": 37.420410711034016,
  "rel_l1_pix_1024": 0.7533094180013632,
  "rel_l2_pix_1024": 0.7644697741920904,
  "mae_pix_1024": 0.40863586247428696,
  "rmse_pix_1024": 0.5155547151079842,
  "psnr_db_1024": 8.513515893630867
}